d,o,h,l,c,v
2024-08-01,27.020000,27.535000,25.830000,26.080000,31189607
2024-08-02,24.750000,24.870000,23.750000,24.740000,56092591
2024-08-05,21.740000,24.420000,21.230000,24.090000,88023468
2024-08-06,27.050000,27.420000,25.570000,26.590000,99622681
2024-08-07,27.070000,28.360000,26.240000,26.320000,75975382
2024-08-08,27.040000,29.375000,26.690000,29.280000,96892918
2024-08-09,29.280000,30.360000,29.100000,30.010000,88131106
2024-08-12,30.220000,31.200000,29.270000,29.380000,67890322
2024-08-13,29.788700,30.849800,29.560000,30.390000,57294206
2024-08-14,30.620000,31.370000,30.330000,31.000000,49885641
2024-08-15,31.310000,31.495000,30.830000,31.220000,43085381
2024-08-16,31.040000,32.750000,30.980000,32.080000,64870638
2024-08-19,32.420000,32.590000,31.814000,32.500000,52353641
2024-08-20,32.500000,32.720000,31.630000,32.320000,40783010
2024-08-21,32.320000,32.670000,31.970000,32.540000,38147564
2024-08-22,32.550000,33.125000,31.850000,31.920000,43522223
2024-08-23,31.990000,32.550000,31.622000,31.780000,34121175
2024-08-26,31.430000,31.740000,30.790000,30.850000,35283625
2024-08-27,30.550000,31.120000,30.380000,30.840000,23541256
2024-08-28,30.620000,30.800000,29.750000,30.360000,33961370
2024-08-29,30.650000,31.820000,30.484000,31.000000,39732985
2024-08-30,31.050000,31.500000,30.700000,31.480000,42388023
2024-09-03,31.350000,31.589200,30.165000,30.510000,34531596
2024-09-04,30.000000,30.850000,29.310000,30.590000,33419490
2024-09-05,30.240000,30.740000,30.010000,30.160000,24012331
2024-09-06,30.600000,31.040000,29.500000,30.330000,50946777
2024-09-09,32.700000,34.700000,32.470000,34.600000,140582494
2024-09-10,34.810000,35.200000,33.710000,34.760000,91720986
2024-09-11,34.010000,34.870000,33.620000,34.850000,68302252
2024-09-12,34.860000,35.400000,34.530800,34.910000,54391843
2024-09-13,34.970000,36.010000,34.890000,35.590000,49727172
2024-09-16,35.780000,36.920000,35.560000,36.310000,74767329
2024-09-17,37.000000,37.050000,35.870000,36.450000,64461751
2024-09-18,35.900000,37.110000,35.871200,36.380000,66279770
2024-09-19,37.000000,37.350000,36.200000,36.830000,59882041
2024-09-20,36.010000,37.290000,35.710000,37.200000,450290538
2024-09-23,36.860000,38.190000,36.570000,37.950000,79460737
2024-09-24,37.970000,37.980000,36.430000,36.900000,79519248
2024-09-25,36.890000,37.180000,36.382700,37.120000,46511724
2024-09-26,37.260000,37.440000,36.600000,37.100000,48601992
2024-09-27,36.910000,37.470000,36.590000,36.840000,43219122
2024-09-30,36.580000,37.320000,36.150000,37.200000,42223553
2024-10-01,37.210000,37.560000,36.050000,36.460000,52858036
2024-10-02,36.300000,37.680000,36.145000,37.490000,34988906
2024-10-03,37.450000,39.290000,37.370000,39.240000,57196445
2024-10-04,39.650000,40.290000,39.400000,40.010000,62657545
2024-10-07,39.900000,40.150000,38.775000,38.890000,44124766
2024-10-08,39.290000,41.490000,39.015000,41.450000,62542945
2024-10-09,41.550000,43.340000,41.210000,43.130000,86404698
2024-10-10,42.920000,43.878400,42.410100,43.520000,62516314
2024-10-11,43.400000,44.380000,42.620000,43.510000,66206893
2024-10-14,43.720000,44.390000,43.280000,43.400000,41010910
2024-10-15,43.475000,43.680000,41.515000,42.430000,48296974
2024-10-16,42.400000,42.490000,40.360000,41.930000,59157938
2024-10-17,42.150000,42.700000,41.610000,42.000000,34028414
2024-10-18,42.015000,42.990000,41.650000,42.970000,33969020
2024-10-21,42.860000,43.400000,42.410000,42.700000,30719779
2024-10-22,42.690000,43.490000,42.300000,42.940000,27830734
2024-10-23,42.850000,43.680000,42.055000,42.590000,35646980
2024-10-24,42.890000,43.730000,42.660000,43.560000,34079557
2024-10-25,43.850000,45.070000,43.645000,44.860000,50416491
2024-10-28,45.050000,45.140000,44.680000,44.970000,36729700
2024-10-29,44.900000,45.070000,44.040000,44.930000,26154712
2024-10-30,44.580000,44.800000,43.610000,43.690000,31309232
2024-10-31,42.790000,43.320000,40.900000,41.560000,50973360
2024-11-01,41.930000,42.570000,41.590000,41.920000,33722521
2024-11-04,41.080000,42.040000,41.031500,41.410000,75413298
2024-11-05,47.860000,51.575000,46.860000,51.130000,208868200
2024-11-06,53.440000,55.690000,51.610000,55.530000,114255943
2024-11-07,55.820000,56.470000,53.550000,55.880000,121591164
2024-11-08,55.570000,58.480000,55.300000,58.390000,84124034
2024-11-11,60.132500,62.080000,58.690000,60.240000,108357795
2024-11-12,59.010000,60.090000,58.570000,59.850000,59061338
2024-11-13,61.520000,63.390000,59.850000,60.700000,85937360
2024-11-14,61.050000,61.170000,58.530000,59.180000,59968240
2024-11-15,61.010000,66.000000,60.910000,65.770000,155280388
2024-11-18,64.920000,64.920000,58.850000,61.260000,137877641
2024-11-19,59.510000,63.010000,59.265000,62.980000,75557817
2024-11-20,62.590000,63.080000,59.960000,62.120000,59182183
2024-11-21,62.040000,63.400000,60.895000,61.360000,56336740
2024-11-22,61.600000,64.440000,61.370000,64.350000,61381713
2024-11-25,66.900000,67.880000,64.080000,64.650000,80640465
2024-11-26,64.570000,65.850000,63.890000,65.740000,46923572
2024-11-27,66.240000,67.560000,64.240000,66.050000,53839900
2024-11-29,65.890000,67.160000,65.470000,67.080000,30104046
2024-12-02,67.440000,67.880000,65.960000,66.390000,46404971
2024-12-03,66.410000,71.370000,66.150000,70.960000,100751420
2024-12-04,71.130000,71.180000,67.280000,69.850000,86284801
2024-12-05,70.110000,72.980000,69.890000,71.870000,66585762
2024-12-06,72.950000,76.820000,72.280000,76.340000,93640902
2024-12-09,80.580000,80.910000,71.050000,72.460000,168134824
2024-12-10,71.990000,75.560000,70.730000,70.890000,89672470
2024-12-11,72.980000,73.000000,68.070000,72.510000,89477656
2024-12-12,72.300000,75.380000,71.900000,73.200000,73859672
2024-12-13,73.490000,76.100000,72.450000,76.070000,76172785
2024-12-16,75.060000,77.820000,71.160000,75.750000,126099615
2024-12-17,73.280000,75.320000,71.700000,74.390000,75469386
2024-12-18,74.300000,77.600000,70.270000,71.510000,109643381
2024-12-19,73.990000,76.590000,73.370000,74.210000,99524332
2024-12-20,72.640000,80.660000,71.500000,80.550000,281230836
2024-12-23,80.650000,82.020000,77.410000,80.690000,93819484
2024-12-24,81.090000,84.796800,81.000000,82.380000,64983263
2024-12-26,83.160000,83.490000,81.300000,82.140000,60547746
2024-12-27,81.420000,82.000000,77.930000,79.080000,66975887
2024-12-30,77.040000,79.240000,76.110000,77.180000,60850862
2024-12-31,77.580000,77.979600,73.650000,75.630000,56267937
2025-01-02,76.200000,76.530000,72.420000,75.190000,72217192
2025-01-03,75.390000,79.980000,75.190000,79.890000,62415008
2025-01-06,78.690000,80.060000,74.610000,75.920000,105619544
2025-01-07,75.200000,75.390000,69.750000,69.990000,91727347
2025-01-08,68.120000,69.530000,66.510000,68.230000,91349513
2025-01-10,66.010000,68.200000,65.040000,67.260000,78148636
2025-01-13,64.290000,65.680000,63.400000,64.980000,69046325
2025-01-14,67.180000,68.230000,65.190000,65.910000,56814898
2025-01-15,68.550000,68.850000,67.080000,68.140000,56025752
2025-01-16,69.080000,71.430000,68.360000,69.240000,62908663
2025-01-17,70.900000,72.340000,69.950000,71.770000,54753981
2025-01-21,73.240000,73.636300,70.600700,73.070000,56228967
2025-01-22,74.500000,77.160000,73.800000,76.870000,66876368
2025-01-23,76.040000,79.000000,75.840000,78.980000,55937896
2025-01-24,79.050000,82.240000,78.440100,78.980000,77931906
2025-01-27,74.070000,76.720000,72.670000,75.440000,76093325
2025-01-28,75.540000,80.740000,74.040000,80.230000,65916656
2025-01-29,79.950000,80.819900,77.810000,79.760000,49262158
2025-01-30,80.020000,81.829900,79.380000,81.220000,46067527
2025-01-31,81.000000,85.220000,80.870000,82.490000,79000219
2025-02-03,80.125000,84.250000,78.470000,83.740000,126592731
2025-02-04,102.800000,106.910000,100.510000,103.830000,230806794
2025-02-05,101.780000,103.570000,99.320000,101.360000,90792345
2025-02-06,101.090000,111.545000,100.260000,111.280000,128217484
2025-02-07,111.660000,116.300000,110.450000,110.850000,143795408
2025-02-10,112.030000,116.760000,108.720000,116.650000,99938072
2025-02-11,116.500000,118.660000,112.100000,112.620000,94311705
2025-02-12,110.290000,117.590000,110.000000,117.390000,75316878
2025-02-13,117.310000,118.390000,115.150100,117.910000,60026970
2025-02-14,117.900000,120.670000,116.800000,119.160000,65528863
2025-02-18,120.940000,125.000000,118.430000,124.620000,84227164
2025-02-19,123.860000,125.410000,108.560000,112.060000,147487261
2025-02-20,102.910000,107.400000,95.800000,106.270000,243093928
2025-02-21,107.680000,109.070000,100.000000,101.350000,129063185
2025-02-24,95.880000,99.010000,89.300000,90.680000,184484984
2025-02-25,90.650000,91.700000,85.250000,87.840000,132626266
2025-02-26,89.160000,91.690000,87.590000,89.310000,94846187
2025-02-27,91.910000,93.620000,84.170000,84.770000,99680477
2025-02-28,79.980000,85.180000,78.580000,84.920000,125977426
2025-03-03,88.550000,90.479600,82.530000,83.420000,114573905
2025-03-04,80.160000,88.500000,79.300000,84.400000,116800332
2025-03-05,86.350000,90.300000,82.500000,90.130000,116052996
2025-03-06,87.505000,88.340000,80.010000,80.460000,117340586
2025-03-07,80.025000,85.160000,79.150000,84.910000,105377101
2025-03-10,82.000000,82.689900,74.570000,76.380000,136843832
2025-03-11,75.785000,80.745000,75.530000,78.050000,109351514
2025-03-12,83.480000,84.550000,79.860000,83.650000,116525071
2025-03-13,82.845000,83.740000,78.320000,79.620000,100927167
2025-03-14,82.970000,87.270000,82.160000,86.240000,113985021
2025-03-17,88.440000,88.820000,84.500000,87.350000,99348869
2025-03-18,85.780000,86.169900,81.800000,83.890000,93236494
2025-03-19,84.550000,87.990000,82.860000,86.100000,89797417
2025-03-20,85.540000,89.800000,85.120000,87.390000,105547414
2025-03-21,85.850000,91.070000,84.460000,90.960000,116748695
2025-03-24,93.400000,97.390000,92.280000,96.750000,112164708
2025-03-25,97.220000,98.170000,95.080000,96.500000,78015273
2025-03-26,96.290000,97.299900,90.820000,92.280000,82138337
2025-03-27,91.015000,93.650000,89.670000,90.090000,82823003
2025-03-28,89.340000,89.380000,84.100000,85.850000,91091708
2025-03-31,80.000000,84.650000,78.750000,84.400000,108092868
2025-04-01,83.890000,85.280000,81.820100,84.680000,78980662
2025-04-02,82.400000,88.405000,82.300000,87.450000,96563137
2025-04-03,81.250000,85.680000,81.010000,83.600000,93878189
2025-04-04,80.070000,80.980000,71.930300,74.010000,147323190
2025-04-07,66.650000,81.800000,66.120000,77.840000,169083704
2025-04-08,83.290000,86.114000,75.220000,77.320000,135345594
2025-04-09,78.190000,93.330000,77.270000,92.010000,187244271
2025-04-10,88.400000,90.780000,84.140000,88.590000,124448216
2025-04-11,87.980000,89.550000,85.470000,88.550000,95130683
2025-04-14,95.800000,97.330000,91.460000,92.620000,122836852
2025-04-15,93.530000,98.990000,93.050000,98.400000,118457651
2025-04-16,96.280000,97.300000,89.620000,92.710000,121997637
2025-04-17,94.710000,95.110000,92.270000,93.780000,83991760
2025-04-21,92.840000,96.475000,89.310000,90.800000,83831145
2025-04-22,93.015000,96.339900,91.350300,93.990000,91185377
2025-04-23,98.860000,103.760000,97.830000,100.820000,112909507
2025-04-24,101.530000,108.000000,100.910100,107.780000,103190699
2025-04-25,108.050000,112.880000,106.550000,112.780000,103933839
2025-04-28,113.780000,114.860000,108.870000,114.650000,111082860
2025-04-29,113.980000,117.230000,113.240000,116.080000,79709007
2025-04-30,111.610000,118.780000,110.540000,118.440000,109461682
2025-05-01,120.040000,120.190000,116.000000,116.200000,90677568
2025-05-02,118.660000,124.420000,118.630000,124.280000,103094298
2025-05-05,123.700000,125.255000,121.360000,123.770000,135961250
2025-05-06,112.710000,113.910000,105.320100,108.860000,201193359
2025-05-07,107.970000,111.850000,107.000000,110.480000,95713676
2025-05-08,112.280000,120.380000,112.070000,119.150000,126966207
2025-05-09,118.970000,119.160000,114.900000,117.300000,81005270
2025-05-12,120.780000,120.935000,115.010000,118.460000,94257341
2025-05-13,119.920000,130.600000,119.310000,128.100000,147155359
2025-05-14,129.010000,133.490000,127.559300,130.180000,96611470
2025-05-15,128.370000,130.199900,125.740000,128.120000,69502967
2025-05-16,129.230000,130.330000,126.760000,129.520000,57003724
2025-05-19,124.715000,127.770000,124.320000,126.330000,72503922
2025-05-20,127.220000,128.200000,124.650000,125.590000,61265310
2025-05-21,125.160000,127.110000,119.410000,120.580000,80657671
2025-05-22,121.950000,126.330000,121.375000,122.290000,75498278
2025-05-23,120.880000,125.540000,120.680000,123.310000,65905836
2025-05-27,126.820000,127.880000,120.880000,123.390000,86455174
2025-05-28,124.230000,125.650000,122.910000,123.760000,64866004
2025-05-29,125.350000,126.470000,121.530200,122.320000,63137904
2025-05-30,123.530000,131.940000,122.750000,131.780000,185897579
2025-06-02,131.435000,134.480000,128.860000,132.040000,93218744
2025-06-03,133.070000,135.280000,130.100000,133.170000,91297662
2025-06-04,132.800000,132.950000,125.580000,130.010000,97306314
2025-06-05,129.270000,132.850000,118.930000,119.910000,132238651
2025-06-06,123.730000,128.130000,121.920000,127.720000,87175144
2025-06-09,127.075000,132.230000,124.800000,132.060000,74785580
2025-06-10,131.020000,134.069900,129.410000,132.810000,69308929
2025-06-11,133.920000,140.000000,132.990000,136.390000,97366015
2025-06-12,136.400000,137.099900,134.630000,135.190000,56248175
2025-06-13,133.815000,139.990000,133.350000,137.400000,93519043
2025-06-16,140.030000,144.860000,139.811500,141.410000,80779773
2025-06-17,141.485000,141.690000,136.080000,138.200000,70479099
2025-06-18,139.040000,140.360000,137.490100,139.820000,58260225
2025-06-20,140.690000,142.240000,136.741800,137.300000,87067039
2025-06-23,138.900000,142.150000,135.960000,139.920000,70501099
2025-06-24,140.980000,143.660000,137.800000,143.230000,58574192
2025-06-25,144.490000,147.670000,141.530000,142.900000,61435267
2025-06-26,144.850000,148.215000,142.910000,144.250000,69440544
2025-06-27,144.870000,144.970000,130.540000,130.740000,202598647
2025-06-30,137.790000,138.875200,134.800000,136.320000,97305595
2025-07-01,135.270000,136.320000,128.510000,130.680000,91479688
2025-07-02,131.470000,133.600000,130.190100,132.120000,59731969
2025-07-03,134.360000,135.620000,132.510000,134.360000,41812483
2025-07-07,134.380000,139.290000,132.320000,139.120000,71959709
2025-07-08,138.775000,139.855000,135.790000,139.710000,59834823
2025-07-09,139.655000,143.170000,137.390000,143.130000,68494760
2025-07-10,143.310000,145.160000,139.530000,142.500000,64383873
2025-07-11,142.110000,144.580000,141.470000,142.100000,52134812
2025-07-14,142.720000,149.575000,142.220000,149.150000,81774443
2025-07-15,148.930000,150.620000,147.360100,148.580000,59126190
2025-07-16,149.300000,151.510000,147.674400,150.910000,57636985
2025-07-17,151.560000,155.680000,150.820000,153.990000,60165516
2025-07-18,154.860000,154.920000,151.900000,153.520000,45771634
2025-07-21,153.880000,155.440000,151.360000,151.790000,45072814
2025-07-22,150.850000,151.789900,145.062000,149.070000,49880762
2025-07-23,149.740000,155.000000,148.287100,154.630000,48061985
2025-07-24,153.980000,155.630000,152.575000,154.860000,38925748
2025-07-25,155.630000,160.390000,155.580000,158.800000,57972341
2025-07-28,159.880000,160.279900,153.040000,157.880000,63886935
2025-07-29,158.715000,160.140000,154.910000,156.240000,42427214
2025-07-30,157.365000,159.380000,156.560000,158.610000,40261681
2025-07-31,159.990000,160.890000,156.730000,158.350000,45342610
2025-08-01,155.050000,158.190000,151.057600,154.270000,61286993
2025-08-04,158.530000,161.400000,157.930100,160.660000,82993558
2025-08-05,171.810000,176.330000,169.220100,173.270000,130917543
2025-08-06,171.175000,180.581300,171.010000,179.540000,82924849
2025-08-07,181.010000,184.480000,178.170000,182.200000,77829184
2025-08-08,184.735000,187.990000,184.410000,186.960000,62657935
2025-08-11,186.470000,187.180000,181.920000,182.680000,56125630
2025-08-12,184.700000,190.000000,182.100000,186.970000,54983765
2025-08-13,189.000000,189.460000,183.590000,184.370000,53610031
2025-08-14,182.410000,185.330000,179.200000,181.020000,53472933
2025-08-15,179.725000,180.000000,173.380000,177.170000,60288736
2025-08-18,175.270000,177.900000,171.390000,174.030000,62656597
2025-08-19,171.360000,172.300000,156.900000,157.750000,137922722
2025-08-20,152.300000,156.460000,142.340000,156.010000,220336359
2025-08-21,157.170000,157.970000,153.810000,156.180000,94678639
2025-08-22,155.315000,163.200000,151.770000,158.740000,102099177
2025-08-25,156.100000,158.590000,149.370000,157.170000,86879821
2025-08-26,155.390000,162.130000,154.570000,160.870000,86573715
2025-08-27,162.320000,162.400000,155.980100,156.720000,76380553
2025-08-28,157.630000,158.230000,152.550000,158.120000,57885244
2025-08-29,156.980000,158.420000,153.000000,156.710000,45270502
2025-09-02,151.200000,158.390000,150.280000,157.090000,65434969
2025-09-03,158.000000,161.150000,152.710000,154.900000,66052296
2025-09-04,154.865000,157.040000,153.160000,156.140000,53292341
2025-09-05,157.820000,158.970000,148.040000,153.110000,81855896
2025-09-08,154.910000,158.300000,154.840000,156.100000,47642952
2025-09-09,157.250000,162.750000,156.370000,162.360000,61359531
2025-09-10,166.000000,169.000000,163.440000,166.740000,62211418
2025-09-11,167.240000,167.458000,163.220000,164.360000,42025501
2025-09-12,165.350000,171.530000,164.010000,171.430000,54498535
2025-09-15,169.600000,171.800000,167.410000,171.210000,45396116
2025-09-16,171.040000,171.310000,168.960000,170.260000,34598658
2025-09-17,169.020000,169.680000,161.270000,168.330000,69255497
2025-09-18,170.270000,178.800000,169.390000,176.970000,70768631
2025-09-19,177.070000,184.420000,176.710000,182.390000,109129929
2025-09-22,180.880000,182.250000,178.290000,179.330000,45916684
2025-09-23,182.510000,185.750000,177.010000,182.550000,62354834
2025-09-24,183.910000,184.850000,177.120000,179.560000,45379666
2025-09-25,175.800000,184.320000,174.290000,179.120000,72321194
2025-09-26,179.050000,180.120000,174.910000,177.570000,44275794
2025-09-29,179.640000,181.480000,177.160000,178.860000,38413753
2025-09-30,178.980000,182.770000,178.220000,182.420000,43561729
2025-10-01,181.320000,186.280000,179.500000,184.950000,45717299
2025-10-02,186.700000,188.200000,182.950000,187.050000,39849210
2025-10-03,186.400000,186.840000,170.770000,173.070000,105533447
2025-10-06,179.180000,182.950000,177.830000,179.530000,52504240
2025-10-07,180.310000,186.180000,179.420100,182.170000,58179256
2025-10-08,182.800000,184.260000,181.200000,183.560000,36299659
2025-10-09,183.580000,187.620000,179.950000,185.470000,45050252
2025-10-10,185.170000,187.100000,173.530000,175.440000,55194034
2025-10-13,178.680000,179.220000,173.450000,177.210000,41332442
2025-10-14,176.000000,182.340000,170.820000,179.740000,49261447
2025-10-15,181.655000,184.350000,176.020000,179.620000,37372129
2025-10-16,181.780000,184.820000,176.450000,178.120000,42870891
2025-10-17,177.750000,181.590000,173.950000,178.150000,43421494
2025-10-20,179.490000,183.090000,177.440000,181.590000,31975847
2025-10-21,182.060000,182.389100,178.650100,181.510000,27528145
2025-10-22,181.930000,182.210000,169.420000,175.490000,58263102
2025-10-23,175.445000,181.560000,175.010000,180.480000,35812304
2025-10-24,182.880000,186.170000,182.850000,184.630000,34813464
2025-10-27,188.970000,192.830000,187.520000,189.180000,47153057
2025-10-28,189.480000,191.780000,186.780000,189.600000,38201014
2025-10-29,191.080000,199.850000,190.490000,198.810000,65537255
2025-10-30,198.425000,199.670000,194.120100,194.550000,43541719
2025-10-31,199.200000,204.180000,197.920000,200.470000,52697644
2025-11-03,205.045000,207.520000,201.820000,207.180000,81016835
2025-11-04,192.070000,195.700000,185.560000,190.740000,121380862
2025-11-05,189.000000,190.320000,181.210000,187.900000,76121036
2025-11-06,187.990000,191.090000,174.530000,175.050000,78468584
2025-11-07,173.150000,178.700000,168.910000,177.930000,73989654
2025-11-10,184.310000,194.929900,183.520000,193.610000,87764245
2025-11-11,190.335000,192.925000,187.130000,190.960000,49819723
2025-11-12,190.580000,190.580000,180.400000,184.170000,55347134
2025-11-13,181.715000,182.700000,170.731400,172.140000,63188767
2025-11-14,166.975000,177.290000,164.500000,174.010000,62596757
2025-11-17,170.530000,174.239900,167.680000,171.250000,50339029
2025-11-18,168.370000,172.830000,165.500000,167.330000,53710064
2025-11-19,167.800000,169.600000,162.420000,165.420000,46108211
2025-11-20,172.070000,174.570000,154.395000,155.745000,78443936
2025-11-21,156.010000,158.110000,147.560000,154.850000,71346356
2025-11-24,157.470000,165.170000,157.000000,162.250000,57877788
2025-11-25,160.070000,164.649900,156.555000,163.550000,36523528
2025-11-26,166.850000,168.338500,163.880000,165.770000,34610541
2025-11-28,167.760000,168.800000,165.875000,168.450000,17199497
2025-12-01,165.000000,169.100000,163.120000,167.490000,27779617
2025-12-02,169.590000,175.750000,169.590000,170.690000,35367971
2025-12-03,170.140000,177.910000,168.830000,176.080000,30541605
2025-12-04,176.365000,178.440000,174.430000,177.920000,29217786
2025-12-05,178.230000,182.153223,177.160100,181.760000,32079261
2025-12-08,182.210000,183.879900,179.540000,181.490000,30456689
2025-12-09,180.970000,182.849900,180.380000,181.840000,18937574
2025-12-10,184.950000,190.390000,182.750000,187.910000,59397971
2025-12-11,184.800000,188.050000,180.210000,187.540000,36843184
2025-12-12,185.810000,186.525000,177.666800,183.570000,42427356
2025-12-15,185.080000,187.780000,180.030000,183.250000,32796052
2025-12-16,181.655000,188.500000,181.142400,187.750000,42070267
2025-12-17,187.715000,187.750000,176.500000,177.290000,50424653
2025-12-18,181.510000,187.330000,181.510000,185.690000,40221476
2025-12-19,186.740000,195.000000,186.730000,193.380000,76929380
2025-12-22,195.040000,198.880000,192.430000,193.980000,36686036
2025-12-23,192.825000,195.370000,191.735100,194.130000,24040968
2025-12-24,193.160000,195.170000,192.830000,194.170000,11710125
2025-12-26,195.015000,196.350000,188.620000,188.710000,26261988
2025-12-29,186.850000,187.200000,183.640000,184.180000,28242003
2025-12-30,184.350000,184.728900,180.700000,180.840000,23336307
2025-12-31,181.130000,181.530000,177.250000,177.750000,22997438
2026-01-02,181.300000,181.350000,166.350000,167.860000,60634068
2026-01-05,174.880000,175.820000,171.790000,174.040000,39511693
2026-01-06,175.760000,180.190000,174.770100,179.710000,34838611
2026-01-07,179.800000,187.280000,177.660000,181.680000,45349012
2026-01-08,185.615000,185.660000,174.370000,176.860000,47304286
2026-01-09,177.020000,178.720000,174.750000,177.490000,31362890
2026-01-12,177.685000,182.500000,176.340000,179.410000,34954543
2026-01-13,178.875000,181.100000,176.140000,178.960000,27769354
2026-01-14,178.125000,181.597500,173.950000,178.400000,33651401
2026-01-15,178.710000,180.600000,176.530100,177.070000,31109181
2026-01-16,179.360000,182.430000,170.010000,170.960000,59483601
2026-01-20,167.625000,171.970000,166.240000,168.530000,36708497
2026-01-21,168.402000,169.490000,161.110000,165.330000,47851224
2026-01-22,168.925000,169.000000,164.950000,165.900000,28499472
2026-01-23,167.270000,172.000000,166.300000,169.600000,30285671
2026-01-26,168.210000,170.589700,167.325000,167.470000,22777164
2026-01-27,167.480000,169.440000,164.690000,165.700000,26542310
2026-01-28,164.400000,165.045000,157.240000,157.350000,44822848
2026-01-29,157.630000,157.630000,147.120000,151.860000,59846810
2026-01-30,150.050000,151.000000,145.139000,146.590000,47271042
2026-02-02,150.940000,151.400000,146.654000,147.760000,72811145
2026-02-03,165.050000,165.078000,153.120000,157.880000,113169200
2026-02-04,155.410000,155.850000,135.680000,139.540000,113199525
2026-02-05,136.820000,137.980000,128.320000,130.010000,93690793
2026-02-06,135.330000,137.687100,132.350000,135.900000,62661425
2026-02-09,136.580000,145.870000,134.776000,142.910000,58042462
2026-02-10,144.965000,145.559900,137.770000,139.510000,56061308
2026-02-11,139.025000,139.250000,132.950000,135.680000,52796053
2026-02-12,135.360000,135.890000,126.560000,129.130000,74090639
2026-02-13,127.900000,133.560000,126.232500,131.410000,49438053
2026-02-17,128.895000,134.320000,127.290000,133.020000,48407140
2026-02-18,135.890000,140.962500,134.870000,135.380000,59677079
2026-02-19,132.310000,136.160000,131.010000,134.890000,42197237
2026-02-20,132.365000,136.210000,131.170000,135.240000,53726811
2026-02-23,132.040000,132.040000,127.390000,130.600000,52512157
2026-02-24,129.005000,130.240000,126.370000,128.840000,47121438
2026-02-25,130.610000,136.090000,129.180000,134.190000,53078287
2026-02-26,133.845000,137.510000,132.630000,135.940000,45100010
2026-02-27,134.070000,138.100000,133.980000,137.190000,59412395
2026-03-02,140.775000,147.140000,140.520000,145.170000,72683884
2026-03-03,142.100000,147.500000,138.200000,147.220000,67460192
2026-03-04,148.430000,154.520000,148.060000,153.190000,60062166
2026-03-05,152.940000,156.380000,149.610000,152.670000,50714514
2026-03-06,150.440000,161.450000,150.290000,157.160000,74980855
2026-03-09,155.690000,158.440000,152.970000,156.430000,47574200
2026-03-10,155.990000,156.657100,150.140000,151.140000,47501391
2026-03-11,151.380000,153.169000,149.330400,151.600000,33955903
2026-03-12,153.010000,155.880000,150.980000,153.500000,54409799
2026-03-13,153.300000,154.560000,148.580000,150.950000,42460572
2026-03-16,152.450000,153.860000,151.170000,152.720000,32898946
2026-03-17,152.405000,156.750000,152.120000,155.080000,37118457
2026-03-18,154.945000,156.690000,152.610000,152.770000,32476677
2026-03-19,153.100000,156.150000,150.500000,155.680000,33915877
2026-03-20,155.200000,156.650000,149.090000,150.680000,48700189
2026-03-23,153.240000,161.080000,153.240000,160.840000,57507057
2026-03-24,160.070000,162.400000,151.640000,154.780000,56155680
2026-03-25,157.420000,160.270000,154.855000,154.960000,38543289
2026-03-26,153.055000,153.120000,147.250000,147.560000,43038425
2026-03-27,145.880000,145.960000,141.560000,143.060000,35790820
2026-03-30,143.270000,144.120000,136.300000,137.550000,41289824
2026-03-31,140.020000,147.859900,138.970000,146.280000,45558573
2026-04-01,147.000000,148.300000,144.470000,146.490000,34170985
2026-04-02,143.485000,148.510000,137.990000,148.460000,30436962
2026-04-06,148.360000,150.610000,146.630800,147.930000,25142245
2026-04-07,146.882000,150.270000,144.450000,150.070000,28671080
2026-04-08,154.765000,156.280000,139.170100,140.760000,64827655
2026-04-09,139.395000,139.540000,128.470000,130.490000,92361443
2026-04-10,128.480000,129.200000,122.680000,128.060000,116656836
2026-04-13,130.230000,134.419900,129.150000,132.370000,65772822
2026-04-14,134.426500,138.070000,134.000000,135.700000,52786834
2026-04-15,136.790000,142.580000,134.930000,142.150000,48389446
2026-04-16,144.290000,145.550000,139.530000,142.760000,43746002
2026-04-17,145.315000,148.280000,143.300000,146.390000,50657587
2026-04-20,145.000000,147.200000,143.830000,145.890000,33482669
2026-04-21,146.810000,149.870000,143.999000,145.970000,44829990
2026-04-22,148.360000,152.680000,147.410000,152.620000,43701459
2026-04-23,149.700000,150.290000,139.920000,141.570000,58654421
2026-04-24,142.960000,143.330000,138.930000,143.090000,38677156
2026-04-27,141.250000,145.070000,141.010000,143.100000,31275433
2026-04-28,142.300000,143.850000,140.420100,141.180000,24757213
2026-04-29,139.760000,139.760000,134.680000,137.970000,33348062
2026-04-30,138.475000,140.200000,136.650000,139.110000,32523579
2026-05-01,143.250000,146.440000,141.390000,144.070000,33219902
2026-05-04,147.750000,149.640000,145.225000,146.030000,70525850
2026-05-05,140.295000,142.980000,134.720000,135.910000,89747094
2026-05-06,133.710000,135.700000,131.150100,133.790000,55524828
2026-05-07,135.100000,140.950000,134.780000,137.050000,50184874
2026-05-08,135.865000,137.880000,133.020000,137.800000,41745393
2026-05-11,134.910000,137.140000,132.771000,136.890000,41414474
2026-05-12,136.600000,137.430000,133.460000,136.000000,38781122
2026-05-13,134.006000,136.990000,128.750000,130.050000,55189399
2026-05-14,129.650000,134.480000,129.450000,133.730000,37052595
2026-05-15,132.800000,135.640000,132.290100,133.990000,32629745
2026-05-18,132.500000,135.935000,131.330000,135.140000,32034602
2026-05-19,135.170000,137.470000,133.600000,135.260000,29777288
2026-05-20,134.145000,137.240000,132.420000,137.150000,31307677
2026-05-21,135.800000,138.550000,135.420000,137.415000,24311882
2026-05-22,137.425000,139.020000,134.300000,136.880000,27578014
2026-05-26,136.160000,138.680000,133.300000,136.600000,31723941
2026-05-27,133.300000,135.730000,131.630000,132.510000,34159784
2026-05-28,133.160000,145.000000,133.000000,143.340000,52085169
2026-05-29,147.825000,157.779400,145.790000,156.540000,92196609
2026-06-01,159.980000,163.700000,155.880000,160.650000,57653963
2026-06-02,156.690000,159.550000,149.800000,152.170000,43163088
2026-06-03,149.700000,151.680000,141.250000,142.200000,41072510
2026-06-04,145.460000,146.370000,140.272000,141.700000,40834013
2026-06-05,140.325000,141.970000,134.025000,135.530000,38283521
2026-06-08,135.680000,137.760000,135.280000,136.470000,26978870
2026-06-09,134.870000,136.990000,127.350000,132.070000,38679990
2026-06-10,129.325000,133.185000,128.800000,130.210000,30612640
2026-06-11,128.780000,131.520000,127.170000,131.080000,27554474
2026-06-12,130.915000,131.090000,126.650000,127.990000,35473588
2026-06-15,130.020000,134.980000,129.700000,134.710000,41748205
2026-06-16,134.590000,134.590000,129.620000,133.250000,30409932
2026-06-17,131.760000,136.100000,129.920000,130.630000,32290785
2026-06-18,130.840000,131.430000,125.010000,128.470000,55337987
2026-06-22,125.740000,128.870000,119.200000,119.500000,56924493
2026-06-23,120.150000,120.940000,116.180000,116.700000,44661865
2026-06-24,114.120000,118.000000,112.250000,113.500000,46520746
2026-06-25,111.380000,112.150000,106.370000,107.270000,61840143
2026-06-26,109.040000,114.079900,108.470000,112.930000,61360496
2026-06-29,116.230000,119.080000,114.700000,115.700000,45017376
2026-06-30,114.950000,118.700000,114.570000,116.670000,38069685
2026-07-01,120.050000,128.250000,119.350000,125.730000,58561267
2026-07-02,128.990000,132.880000,127.950000,129.300000,60789443
2026-07-06,127.240000,134.069300,126.640000,132.540000,37360073
2026-07-07,133.730000,138.900000,131.460000,134.370000,52570388
2026-07-08,129.490000,132.390000,126.710000,132.220000,40587821
2026-07-09,127.720000,129.190000,124.810000,129.040000,35286054
2026-07-10,132.140000,132.280000,125.770000,126.790000,31162959
2026-07-13,127.295000,130.720000,126.195000,130.040000,39786463
2026-07-14,123.610000,135.789900,122.640000,133.720000,49963655
2026-07-15,134.340000,136.880000,132.880000,133.760000,26064499
2026-07-16,133.080000,136.210000,128.680000,134.440000,28951324
2026-07-17,131.785000,134.769800,129.050000,132.380000,31875064
2026-07-20,131.880000,136.620000,131.820000,134.850000,30571324
2026-07-21,133.830000,134.680000,131.225000,132.660000,23161770
2026-07-22,132.220000,132.345000,123.450000,124.570000,38588274
2026-07-23,125.935000,126.400000,120.730000,123.370000,29757894
2026-07-24,125.165000,125.310000,122.020000,122.920000,21177012
2026-07-27,126.155000,132.410000,125.310000,131.530000,36708203
2026-07-28,125.840000,127.190000,117.890000,123.530000,43597311
2026-07-29,124.000000,127.280000,122.450000,123.000000,27207863
2026-07-30,121.140000,123.669900,120.270000,122.260000,27801632
2026-07-31,122.290000,123.390000,119.620000,123.060000,29085068
2026-08-03,126.700000,126.965000,123.656700,125.650000,77282940
2026-08-04,145.145000,164.520000,143.280000,162.660000,175034726
2026-08-05,162.000000,166.080000,158.250000,158.430000,63515884
2026-08-06,155.870000,158.000000,152.700000,155.920000,41751358
2026-08-07,160.070000,172.410000,159.960000,172.010000,77579878
2026-08-10,171.010000,179.600000,170.870000,175.230000,57402657
2026-08-11,174.180000,177.940000,172.720000,174.940000,43162454
2026-08-12,174.070000,175.090000,168.340000,171.040000,35220299
2026-08-13,173.400000,179.910000,172.330100,179.010000,36511162
2026-08-14,179.480000,180.180000,173.800000,174.040000,24065839
2026-08-17,174.060000,176.275000,172.301300,172.550000,24590889
2026-08-18,171.970000,174.980000,170.610000,171.540000,28082067
2026-08-19,172.610000,176.820000,169.770500,175.190000,36132642
2026-08-20,175.880000,176.460000,172.030000,173.960000,27018414
2026-08-21,173.980000,182.440000,172.550000,179.940000,41076203
2026-08-24,177.390000,178.750000,171.310000,175.890000,35115471
2026-08-25,176.630000,179.870000,172.200400,172.730000,24558542
2026-08-26,170.600000,178.490000,168.900000,177.500000,27924165
2026-08-27,178.750000,186.860000,178.010000,185.930000,40739283
